A0AAW9N683	A0AAW9N683
A0AAW9N683	A0A133CW95
A0AAW9N683	A0A1B5FWY8
A0AAW9N683	A0A1X3AM14
A0AAW9N683	A0A7H0FPP8
A0AAW9N683	A0AAJ1XWA7
A0AAW9N683	A0AAJ1XYV9
A0AAW9N683	A0AAW8RLS1
A0AAW9N683	A0AAW8SWJ3
A0AAW9N683	A0AAW8T2S1
A0AAW9N683	A0AAW8THB1
A0AAW9N683	A0AAE4I2Z6
A0AAW9N683	A0AAW8TWS5
A0AAW9N683	A0ABD4HI16
A0AAW9N683	A0ABD4ZVR2
A0AAW9N683	A0ABD5F6V9
A0AAW9N683	A0ABD6YZG7
A0AAW9N683	A0ABD7XI14
A0AAW9N683	A0AAE7MMV1
A0AAW9N683	A0AAW8T0R1
D0UFB3	D0UFB3
D0UFB6	D0UFB6
D0UFC0	D0UFC0
A0A0Q9YV65	A0A0Q9YV65
A0A6B9V1Q1	A0A6B9V1Q1
A0A6B9V1Q1	A0A6B9UZK7
A0A6B9V1Q1	A0A6B9UZU7
A0A6B9V1Q1	A0A6B9V0P8
A0A6B9V1R6	A0A6B9V1R6
A0A6B9V1T1	A0A6B9V1T1
A0A6B9V1V4	A0A6B9V1V4
A0A6B9V1V6	A0A6B9V1V6
A0A6B9V1Z3	A0A6B9V1Z3
A0A6B9V1Z3	A0A6B9UZU6
A0A6B9V209	A0A6B9V209
A0A6B9V210	A0A6B9V210
A0A6B9V243	A0A6B9V243
A0A6B9V2H0	A0A6B9V2H0
A0A6B9V2L8	A0A6B9V2L8
A0A6C0L714	A0A6C0L714
A0A6C0L730	A0A6C0L730
A0A6C0L7F4	A0A6C0L7F4
A0A6C0L8I7	A0A6C0L8I7
A0A6C0L8I7	A0A6B9V0D3
A0A6D1TNM6	A0A6D1TNM6
A0A6D1TNN6	A0A6D1TNN6
A0A6D1TNN7	A0A6D1TNN7
A0A6D1TTG5	A0A6D1TTG5
A0A6D1TTU4	A0A6D1TTU4
A0A6D1TUP6	A0A6D1TUP6
A0A7H0FLU4	A0A7H0FLU4
A0A7H0FLU4	A0AAP6RGE3
A0A7H0FLU4	A0AAX2KQ64
A0A7L6B6L1	A0A7L6B6L1
A0A8J7YG27	A0A8J7YG27
A0A8J8C9W7	A0A8J8C9W7
A0A8T5LBD0	A0A8T5LBD0
A0A8T5R029	A0A8T5R029
A0A8U0IEA9	A0A8U0IEA9
A0A8U0IGC5	A0A8U0IGC5
A0A8X8GT41	A0A8X8GT41
A0A921KCS2	A0A921KCS2
A0A921LC48	A0A921LC48
A0A946YNQ9	A0A946YNQ9
A0A946ZC73	A0A946ZC73
A0A947ACU3	A0A947ACU3
A0A947CNN6	A0A947CNN6
A0A947CSQ0	A0A947CSQ0
A0A947FTK7	A0A947FTK7
A0A947G258	A0A947G258
A0A947NMX2	A0A947NMX2
A0A947RSF8	A0A947RSF8
A0A947YUE5	A0A947YUE5
A0A947Z5N1	A0A947Z5N1
A0A947Z5T2	A0A947Z5T2
A0A947Z848	A0A947Z848
A0A948RC38	A0A948RC38
A0A948ZD04	A0A948ZD04
A0A949AQJ1	A0A949AQJ1
A0A949DTZ3	A0A949DTZ3
A0A949H9W4	A0A949H9W4
A0A949I5L6	A0A949I5L6
A0A949IBH1	A0A949IBH1
A0A949M8H8	A0A949M8H8
A0A949MCT6	A0A949MCT6
A0A949P8B1	A0A949P8B1
A0A949PAC4	A0A949PAC4
A0A952HXY1	A0A952HXY1
A0A952M5T4	A0A952M5T4
A0A953S3E1	A0A953S3E1
A0A960SHS0	A0A960SHS0
A0A975MFA8	A0A975MFA8
A0A9D1QNC9	A0A9D1QNC9
A0A9D2J4V0	A0A9D2J4V0
A0A9D2KCD0	A0A9D2KCD0
A0AAW5D2P9	A0AAW5D2P9
A0AAW5LG42	A0AAW5LG42
A0AAW5WTF2	A0AAW5WTF2
A0AAW5WYW5	A0AAW5WYW5
A0AAW7L8U9	A0AAW7L8U9
A0AAW7QCH2	A0AAW7QCH2
A0AAW9N066	A0AAW9N066
A0AAW9N066	A0A9X1GDL1
A0AAW9N066	Q3XXN7
A0AAW9N066	Q84BK5
A0AB35USJ3	A0AB35USJ3
A0AB35W4W6	A0AB35W4W6
A0AB35W4W6	A0AB37XME1
A0ABD5HV55	A0ABD5HV55
A0ABD5NN55	A0ABD5NN55
A0ABD5NN59	A0ABD5NN59
A0ABD5NRK1	A0ABD5NRK1
A0ABD5NW84	A0ABD5NW84
A0ABD5PMF7	A0ABD5PMF7
A0ABD5PR67	A0ABD5PR67
A0ABD5Q558	A0ABD5Q558
A0ABD5Q8S3	A0ABD5Q8S3
A0ABD5QIH1	A0ABD5QIH1
A0ABD5QZ82	A0ABD5QZ82
A0ABD5YX48	A0ABD5YX48
A0ABD6AYS0	A0ABD6AYS0
A0ABD6C3W3	A0ABD6C3W3
A0ABD6CBA4	A0ABD6CBA4
A0ABD6CK24	A0ABD6CK24
A0ABD6D832	A0ABD6D832
A0ABD7TYJ6	A0ABD7TYJ6
D0UFB1	D0UFB1
D0UFB2	D0UFB2
D0UFB4	D0UFB4
D0UFB5	D0UFB5
D0UFB7	D0UFB7
D0UFB7	D0UFC1
D0UFB8	D0UFB8
D0UFB9	D0UFB9
D0UFC2	D0UFC2
D0UFC3	D0UFC3
D0UFC4	D0UFC4
D0UFC5	D0UFC5
D0UFC6	D0UFC6
M5J5K8	M5J5K8
A0A0H2URK1	A0A0H2URK1
P02745	P02745
P13645	P13645
P13645	P02535
P14738	P14738
P14738	A0AAW4YD05
P56199	P56199
P58400	P58400
Q53654	Q53654
A0A6B9V2U5	A0A6B9V2U5
Q2FYF1	Q2FYF1
Q2FYF1	Q53630
Q2FYF1	Q7A5I6
Q2FYF1	A6QH29
Q2FYF1	Q2FGW1
Q2FYF1	Q2YY76
Q2FYF1	Q5HFU2
Q2FYF1	Q6G983
Q2FYF1	Q6GGT1
Q2FYF1	Q8NWM5
Q2FYF1	Q99U09
A0A380DLV9	A0A380DLV9
A0A380DLV9	Q2G015
A0A380DLV9	Q53653
A0A380DLV9	Q932C5
A0A380DLV9	A0A0E1XHQ5
A0A380DLV9	A0A0H2XG16
A0A380DLV9	A0A0U1MG78
A0A380DLV9	A0A2C9TNP5
A0A380DLV9	A0A2C9TS82
A0A380DLV9	A0A380E1R7
A0A380DLV9	A0A380EF38
A0A380DLV9	A0A5S9I3G3
A0A380DLV9	A0A641A6T0
A0A380DLV9	A0A659ZXM4
A0A380DLV9	A0A6A9GX13
A0A380DLV9	A0A6B0D3R0
A0A380DLV9	A0A6B3IM35
A0A380DLV9	A0A6G4IWA8
A0A380DLV9	A0A6G4J433
A0A380DLV9	A0A6G4J7S9
A0A380DLV9	A0A6N2ZKU3
A0A380DLV9	A0A7I8NMB9
A0A380DLV9	A0A7U4CF20
A0A380DLV9	A0A7Z1N433
A0A380DLV9	A0A7Z7QY16
A0A380DLV9	A0A8G2M7X1
A0A380DLV9	A0AAJ4YW13
A0A380DLV9	A0AAN1ZP38
A0A380DLV9	A0AAU8WN14
A0A380DLV9	A0AAW4Y608
A0A380DLV9	A0AB74E913
A0A380DLV9	A3F6G7
A0A380DLV9	A3F6G8
A0A380DLV9	A3F6H1
A0A380DLV9	A3F6H2
A0A380DLV9	A3F6H3
A0A380DLV9	G0XY13
A0A380DLV9	G0XY15
A0A380DLV9	G0XY16
A0A380DLV9	G0XY19
A0A380DLV9	G0XY20
A0A380DLV9	G0XY21
A0A380DLV9	G0XY22
A0A380DLV9	G0XY23
A0A380DLV9	G0XY25
A0A380DLV9	G0XY27
A0A380DLV9	G0XY28
A0A380DLV9	G0XY29
A0A380DLV9	G0XY32
A0A380DLV9	G0XY34
A0A380DLV9	G0XY35
A0A380DLV9	G0XY36
A0A380DLV9	G0XY37
A0A380DLV9	G0XY38
A0A380DLV9	G0XY39
A0A380DLV9	G0XY40
A0A380DLV9	G0XY41
A0A380DLV9	G0XY42
A0A380DLV9	G0XY43
A0A380DLV9	G0XY45
A0A380DLV9	K9MC56
A0A380DLV9	K9MC58
A0A380DLV9	K9MCF8
A0A380DLV9	K9MCG0
A0A380DLV9	K9MDB0
A0A380DLV9	K9MDB2
A0A380DLV9	K9MDT8
A0A380DLV9	K9MDU2
A0A380DLV9	K9MDV5
A0A380DLV9	Q1HAN2
A0A380DLV9	Q1HAN3
A0A380DLV9	Q5HHM8
A0A380DLV9	Q6GB45
A0A380DLV9	Q6GIK4
A0A380DLV9	Q8NXJ1
A0A380DLV9	Q99VJ4
A0A380DLV9	A0A077ULS1
A0A380DLV9	A0A6A8G0M5
A0A380DLV9	A0A6B0BG17
A0A380DLV9	A0A6G4N614
A0A380DLV9	A0A6G4QR56
A0A380DLV9	A0A6G4Z8Q2
A0A380DLV9	A0A6M1XQ37
A0A380DLV9	A0A7U7EXV7
A0A380DLV9	A0A7U7PXZ5
A0A380DLV9	A0A9N8NTA1
A0A380DLV9	A0A9P3DMY9
A0A380DLV9	A0A9P3ZDE7
A0A380DLV9	A0AA40JLZ5
A0A380DLV9	A0AAE3D3S1
A0A380DLV9	A0AAP6W3H5
A0A380DLV9	A0AAP7JX23
A0A380DLV9	A0AAX2JXW1
A0A380DLV9	A0AAX2YQM7
A0A380DLV9	A0AB72YRM9
A0A380DLV9	A0AB74Q1B7
A0A380DLV9	A0ABD6ZZN9
A0A380DLV9	A3F6G6
A0A380DLV9	A3F6G9
A0A380DLV9	A3F6H0
A0A380DLV9	G0XY14
A0A380DLV9	G0XY17
A0A380DLV9	G0XY18
A0A380DLV9	G0XY24
A0A380DLV9	G0XY26
A0A380DLV9	G0XY30
A0A380DLV9	G0XY31
A0A380DLV9	G0XY33
A0A380DLV9	G0XY44
A0A380DLV9	G0XY46
A0A380DLV9	G0XY47
A0A380DLV9	G0XY48
A0A380DLV9	G0XY49
A0A380DLV9	G0XY50
A0A380DLV9	G0XY51
A0A380DLV9	K9MDV2
A0A380DLV9	X2EXB7
A0A6A2A794	A0A6A2A794
A0A6A2A794	A0A6D1TTW6
A0A6A2CN27	A0A6A2CN27
A0A6B1XQ45	A0A6B1XQ45
A0A6B1XQ45	A0AAJ1XZG5
A0A6B1XQ45	A0AAJ1XWN4
A0A6B1XQ45	A0AAP6V5R2
A0A6B1XQ45	Q836L2
A0A6B1XQ45	Q9XBQ7
A0A6B9UZJ1	A0A6B9UZJ1
A0A6B9UZM0	A0A6B9UZM0
A0A6B9UZM0	A0A6B9V277
A0A6B9UZN1	A0A6B9UZN1
A0A6B9UZN1	A0A6B9V0F5
A0A6B9UZT8	A0A6B9UZT8
A0A6B9UZY1	A0A6B9UZY1
A0A6B9UZY1	A0A6D1TTM4
A0A6B9UZY1	A0A6D1TZ33
A0A6B9UZY9	A0A6B9UZY9
A0A6B9UZZ2	A0A6B9UZZ2
A0A6B9V073	A0A6B9V073
A0A6B9V073	A0A6A2CKP9
A0A6B9V073	A0A6B9UZH9
A0A6B9V073	A0A6C0L4X3
A0A6B9V092	A0A6B9V092
A0A6B9V092	A0A6B9V0K7
A0A6B9V0F0	A0A6B9V0F0
A0A6B9V0F0	A0A6B9V0L0
A0A6B9V0F0	A0A6B9V0Z6
A0A6B9V0I1	A0A6B9V0I1
A0A6B9V0N4	A0A6B9V0N4
A0A6B9V0Q1	A0A6B9V0Q1
A0A6C0L8J8	A0A6C0L8J8
A0A6D1TPN6	A0A6D1TPN6
A0A7H0FP98	A0A7H0FP98
A0A7H0FP98	A0AAJ1XTI7
A0A7H0FP98	A0AAJ1Y1E0
A0A7H0FP98	A0AAP6RI63
A0A7H0FP98	A0AAW7KBX1
A0A7H0FP98	A0AAX2KR62
A0A7U7JRK9	A0A7U7JRK9
A0A7U7JRK9	O86476
A0A7U7JRK9	Q2FUY2
A0A7U7JRK9	Q5HCR7
A0A7U7JRK9	Q6G644
A0A7U7JRK9	Q6GDH2
A0A7U7JRK9	Q7A382
A0A7U7JRK9	Q8NUL0
A0A7U7JRK9	Q99R07
A0A7U7JRK9	A0A077UMJ3
A0A7U7JRK9	A0A0E1XD61
A0A7U7JRK9	A0A0H2XHK2
A0A7U7JRK9	A0A0U1MTV8
A0A7U7JRK9	A0A2U0ITG8
A0A7U7JRK9	A0A380DXI3
A0A7U7JRK9	A0A380EMN1
A0A7U7JRK9	A0A5A8VTV9
A0A7U7JRK9	A0A5S9EVU4
A0A7U7JRK9	A0A6A8FFE7
A0A7U7JRK9	A0A6A8FYL9
A0A7U7JRK9	A0A6A9GPR8
A0A7U7JRK9	A0A6B3IR95
A0A7U7JRK9	A0A6G4IRN3
A0A7U7JRK9	A0A6G4J7A8
A0A7U7JRK9	A0A6G4JFT3
A0A7U7JRK9	A0A6G4N5N1
A0A7U7JRK9	A0A6G4QDE3
A0A7U7JRK9	A0A6G4Z3B7
A0A7U7JRK9	A0A6H4VUC3
A0A7U7JRK9	A0A6N3B924
A0A7U7JRK9	A0A7I8NI16
A0A7U7JRK9	A0A7L5QA70
A0A7U7JRK9	A0A7U7F1F8
A0A7U7JRK9	A0A7Z7R1T1
A0A7U7JRK9	A0A811I0E6
A0A7U7JRK9	A0A898CPP8
A0A7U7JRK9	A0A8G2I325
A0A7U7JRK9	A0A8S1I5L6
A0A7U7JRK9	A0A9N8FA12
A0A7U7JRK9	A0A9N8IHY0
A0A7U7JRK9	A0A9P3DM09
A0A7U7JRK9	A0A9P3ZFE8
A0A7U7JRK9	A0AAE2ZWZ7
A0A7U7JRK9	A0AAJ4YZF8
A0A7U7JRK9	A0AAN1ZQJ1
A0A7U7JRK9	A0AAP6TCW3
A0A7U7JRK9	A0AAW4Y645
A0A7U7JRK9	A0AAX2K077
A0A7U7JRK9	A0A2C9TMP7
A0A7U7JRK9	A0A2C9TW97
A0A7U7JRK9	A0A2K4AHE6
A0A7U7JRK9	A0A2X2JU32
A0A7U7JRK9	A0A380DQT9
A0A7U7JRK9	A0A641A962
A0A7U7JRK9	A0A6B0BP82
A0A7U7JRK9	A0A6G4J526
A0A7U7JRK9	A0A6G4QP16
A0A7U7JRK9	A0A6G4ZNH2
A0A7U7JRK9	A0A7Z1SAU3
A0A7U7JRK9	A0AA40MGQ5
A0A7U7JRK9	A0AAP7YSX9
A0A7U7JRK9	A0AAU8X1P6
A0A7U7JRK9	A0AAX2YML0
A0A7U7JRK9	A0AB37XRA6
A0A7U7JRK9	A0AB73JCS3
A0A7U7JRK9	A0AB74E6Z0
A0A7U7JRK9	A0AB74Q461
A0A7U7JRK9	A0ABD6JE22
A0A7U7JRK9	A0ABD7A477
A0A7U7JRK9	G0XY52
A0A7U7JRK9	G0XY53
A0A7U7JRK9	G0XY54
A0A7U7JRK9	G0XY55
A0A7U7JRK9	G0XY56
A0A7U7JRK9	G0XY57
A0A7U7JRK9	G0XY58
A0A7U7JRK9	G0XY59
A0A7U7JRK9	G0XY60
A0A7U7JRK9	G0XY61
A0A7U7JRK9	G0XY62
A0A7U7JRK9	G0XY63
A0A7U7JRK9	G0XY64
A0A7U7JRK9	G0XY65
A0A7U7JRK9	G0XY66
A0A7U7JRK9	G0XY67
A0A7U7JRK9	G0XY68
A0A7U7JRK9	G0XY69
A0A7U7JRK9	G0XY70
A0A7U7JRK9	G0XY71
A0A7U7JRK9	G0XY72
A0A7U7JRK9	G0XY73
A0A7U7JRK9	G0XY74
A0A7U7JRK9	G0XY75
A0A7U7JRK9	G0XY76
A0A7U7JRK9	G0XY77
A0A7U7JRK9	G0XY78
A0A7U7JRK9	G0XY79
A0A7U7JRK9	G0XY80
A0A7U7JRK9	G0XY81
A0A7U7JRK9	G0XY82
A0A7U7JRK9	G0XY83
A0A7U7JRK9	G0XY84
A0A7U7JRK9	G0XY85
A0A7U7JRK9	G0XY86
A0A7U7JRK9	G0XY87
A0A7U7JRK9	G0XY88
A0A7U7JRK9	G0XY89
A0A7U7JRK9	G0XY90
A0A7U7JRK9	G0XY91
A0A7U7JRK9	G0XY92
A0A7U7JRK9	G0XY93
A0A7U7JRK9	G0XY94
A0A7U7JRK9	G0XY95
A0A7U7JRK9	G0XY96
A0A7U7JSV4	A0A7U7JSV4
A0A7U7JSV4	Q2G0L4
A0A7U7JSV4	O86488
A0A7U7JSV4	Q2FJ78
A0A7U7JSV4	Q5HIB3
A0A7U7JSV4	Q6GBS5
A0A7U7JSV4	Q7A780
A0A7U7JSV4	Q8NXX6
A0A7U7JSV4	Q99W47
A0A7U7JSV4	A0A1S6DKL7
A0A7U7JSV4	A0A2L1K4D1
A0A7U7JSV4	A0A2L1K4E2
A0A7U7JSV4	A0A2L1K4E3
A0A7U7JSV4	A0A2L1K4E6
A0A7U7JSV4	A0A2L1K4E9
A0A7U7JSV4	A0A2L1K4G2
A0A7U7JSV4	A0A641A554
A0A7U7JSV4	A0A658BG95
A0A7U7JSV4	A0A6A8FCM0
A0A7U7JSV4	A0A6B3J457
A0A7U7JSV4	A0A6G4J9L9
A0A7U7JSV4	A0A6G4Z6N3
A0A7U7JSV4	A0A6H4QGH7
A0A7U7JSV4	A0A6N3F4G5
A0A7U7JSV4	A0A7U7IEE3
A0A7U7JSV4	A0A811FZI4
A0A7U7JSV4	A0A811I2T3
A0A7U7JSV4	A0A8G2MA63
A0A7U7JSV4	A0A9N8F7F1
A0A7U7JSV4	A0A9P3DMH0
A0A7U7JSV4	A0AA40JLM7
A0A7U7JSV4	A0AAE2ZU03
A0A7U7JSV4	A0AAJ4YWU1
A0A7U7JSV4	A0AAN1ZPJ3
A0A7U7JSV4	A0AAU9GM25
A0A7U7JSV4	A0AAX2JYB2
A0A7U7JSV4	A0A5P6A8V6
A0A7U7JSV4	A0A5P6A944
A0A7U7JSV4	A0A6B0B7T1
A0A7U7JSV4	A0A6B0CQL4
A0A7U7JSV4	A0A6G4QRA1
A0A7U7JSV4	A0AAU8WVK8
A0A7U7JSV4	A0AAW4YCZ5
A0A7U7JSV4	A0AB37XV21
A0A7U7JSV4	A0AB72WB37
A0A7U7JSV4	A0AB72YVN6
A0A7U7JSV4	A0AB73FJ81
A0A7U7JSV4	A0AB74E991
A0A7U7JSV4	A0AB74PYY0
A0A7U7JSV4	A0ABD6JHA1
A0A7U7JSV4	A0ABD6ZZ33
A0A7U7JSV4	A0A5P6A8U3
A0A7U7JSV4	A0A5P6A8T7
A0A7U7JSV4	A0A5P6A8U5
A0A7U7JSV4	A0A5P6A8U7
A0A7U7JSV4	A0A5P6A8V0
A0A7U7JSV4	A0A5P6A8V3
A0A7U7JSV4	A0A5P6A8W7
A0A7U7JSV4	A0A5P6A922
A0A7U7JSV4	A0A5P6A9K9
A0A7U7JSV4	A0A6A8FXM5
A0A7U7JSV4	A0A6A9GZU2
A0A7U7JSV4	A0A6B0BCG4
A0A7U7JSV4	A0A6B0C171
A0A7U7JSV4	A0A6B5CJV5
A0A7U7JSV4	A0A6B5UVW2
A0A7U7JSV4	A0A6G4ISP5
A0A7U7JSV4	A0A6G4J8Y6
A0A7U7JSV4	A0A6M1XZ74
A0A7U7JSV4	A0A9Q7J4V5
A0A7U7JSV4	A0AAE2ZWA3
A0A7U7JSV4	A0A5P6A8T2
A0A7U7JSV4	A0A6G4JK05
A0A7U7JSV4	A0A6G4Z6D4
A0A7U7JSV4	A0A7Z1SBT4
A0A7U7JSV4	A0AAU8WP58
A0A7U7JSV4	A0ABD6ZYT7
A0A7U7JSV4	A0A7I8NP36
A0A7U7JSV4	A0A317YLL9
A0A7U7JSV4	A0A5D0VCZ2
A0A7U7JSV4	A0AAW4Y7K9
A0A7U7JSV4	A0AAW4YDP6
A0A7U7JSZ1	A0A7U7JSZ1
A0A7U7JSZ1	O86487
A0A7U7JSZ1	Q2FJ79
A0A7U7JSZ1	Q2G0L5
A0A7U7JSZ1	Q5HIB4
A0A7U7JSZ1	Q6GBS6
A0A7U7JSZ1	Q7A781
A0A7U7JSZ1	Q8NXX7
A0A7U7JSZ1	Q99W48
A0A7U7JSZ1	A0A077ULH4
A0A7U7JSZ1	A0A2I7Y801
A0A7U7JSZ1	A0A2X2JUB5
A0A7U7JSZ1	A0A380DMH6
A0A7U7JSZ1	A0A5S9EUL3
A0A7U7JSZ1	A0A6A8FED6
A0A7U7JSZ1	A0A6A8G1N1
A0A7U7JSZ1	A0A6B0AQD8
A0A7U7JSZ1	A0A6B0B5Z1
A0A7U7JSZ1	A0A6B5U0F9
A0A7U7JSZ1	A0A6G4QH32
A0A7U7JSZ1	A0A6G4Z545
A0A7U7JSZ1	A0A6N3F3Z8
A0A7U7JSZ1	A0A7U7EXU0
A0A7U7JSZ1	A0A7Z1SDM7
A0A7U7JSZ1	A0A8G2HZ38
A0A7U7JSZ1	A0A9N8NTG1
A0A7U7JSZ1	A0AAE2ZU07
A0A7U7JSZ1	A0AAJ4YWJ8
A0A7U7JSZ1	A0AAN1ZPJ0
A0A7U7JSZ1	A0AAP6TB86
A0A7U7JSZ1	A0AAP7YUV5
A0A7U7JSZ1	A0AAX2JYB1
A0A7U7JSZ1	A0A0E1X865
A0A7U7JSZ1	A0A2C9TMB6
A0A7U7JSZ1	A0A2C9TRC2
A0A7U7JSZ1	A0A641A5P6
A0A7U7JSZ1	A0A6B0CQ94
A0A7U7JSZ1	A0A6G4J3T7
A0A7U7JSZ1	A0A6G4Q1Z9
A0A7U7JSZ1	A0A6G4QR99
A0A7U7JSZ1	A0A844RDM1
A0A7U7JSZ1	A0AAU8WQ76
A0A7U7JSZ1	A0AAW4YFT2
A0A7U7JSZ1	A0AB72YVS8
A0A7U7JSZ1	A0AB73FI21
A0A7U7JSZ1	A0AB73JII2
A0A7U7JSZ1	A0AB74PYV8
A0A7U7JSZ1	A0ABD6JHJ3
A0A7U7JSZ1	A0ABD6ZYU6
A0A9D2KKD1	A0A9D2KKD1
A0A9D2MBX4	A0A9D2MBX4
A0A9D2VEZ7	A0A9D2VEZ7
A0A9E2BC72	A0A9E2BC72
A0A9E2FYV0	A0A9E2FYV0
A0A9E2G386	A0A9E2G386
A0A9E2G386	A0A947Z676
A0A9E2GVB4	A0A9E2GVB4
A0A9E2NVX7	A0A9E2NVX7
A0A9E7NAS2	A0A9E7NAS2
A0A9E7NCB4	A0A9E7NCB4
A0A9J6PTR7	A0A9J6PTR7
A0A9Q2W8B6	A0A9Q2W8B6
A0A9Q4KWC2	A0A9Q4KWC2
A0A9Q4KXL2	A0A9Q4KXL2
A0A9X1V501	A0A9X1V501
A0A9X1ZPE9	A0A9X1ZPE9
A0A9X2DC52	A0A9X2DC52
A0A9X2DC52	A0AAJ1F5X2
A0A9X2DC52	A0A4Z1QR96
A0A9X2DC52	A0AA42NGA1
A0A9X2FH16	A0A9X2FH16
A0A9X2IUP1	A0A9X2IUP1
A0A9X2JL03	A0A9X2JL03
A0A9X2VJD3	A0A9X2VJD3
A0A9X3AXX7	A0A9X3AXX7
A0A9X4NJE9	A0A9X4NJE9
A0A9X4NJE9	A0A9X4NLU4
A0A9X4NJE9	A0A9X4NJJ0
A0A9X4NJE9	A0A9X4NKJ8
A0A9X4NJE9	A0A9X4S5L1
A0A9X4QY67	A0A9X4QY67
A0AA41Z2H0	A0AA41Z2H0
A0AA42BL08	A0AA42BL08
A0AA42NX99	A0AA42NX99
A0AA42XYG9	A0AA42XYG9
A0AA42XYG9	A0AA42XYP5
A0AA42Z0M4	A0AA42Z0M4
A0AA42ZEH2	A0AA42ZEH2
A0AA46P914	A0AA46P914
A0AAE3ADB8	A0AAE3ADB8
A0AAE3GXT3	A0AAE3GXT3
A0AAE3LID6	A0AAE3LID6
A0AAE5QZ81	A0AAE5QZ81
A0AAE5QZ81	A0A9X4LDL1
A0AAE5QZ81	A0A8I1BCM8
A0AAE5V5H0	A0AAE5V5H0
A0AAI8R8H0	A0AAI8R8H0
A0AAP2D8D8	A0AAP2D8D8
A0AAP2Z038	A0AAP2Z038
A0AAP2Z1T4	A0AAP2Z1T4
A0AAP2ZBX6	A0AAP2ZBX6
A0AAP3DEI7	A0AAP3DEI7
A0AAP3E547	A0AAP3E547
A0AAP3M3V2	A0AAP3M3V2
A0AAT9R667	A0AAT9R667
A0AAU0WNP6	A0AAU0WNP6
A0AAU1A9V9	A0AAU1A9V9
A0AAU1QZT1	A0AAU1QZT1
A0AAU1QZT1	A0AAU1SWC1
A0AAU2QEZ7	A0AAU2QEZ7
A0AAU2WCM6	A0AAU2WCM6
A0AAU3C1Q7	A0AAU3C1Q7
A0AAU3C1Q7	A0AAU3BKJ9
A0AAU3EHQ7	A0AAU3EHQ7
A0AAU3EHQ7	A0AAU1P253
A0AAU3GDN3	A0AAU3GDN3
A0AAU3KES8	A0AAU3KES8
A0AAU3Z167	A0AAU3Z167
A0AAU3Z167	A0AAU3ZP63
A0AAU4RHL3	A0AAU4RHL3
A0AAU5JUY8	A0AAU5JUY8
A0AAU6LJZ5	A0AAU6LJZ5
A0AAU6LQL0	A0AAU6LQL0
A0AAW4PXB9	A0AAW4PXB9
A0AAW4XRY7	A0AAW4XRY7
A0AAW4YD79	A0AAW4YD79
A0A6A2A7G1	A0A6A2A7G1
A0A6A2A876	A0A6A2A876
A0A6A2AAA5	A0A6A2AAA5
A0A6A2BCR2	A0A6A2BCR2
A0A6A2BCR2	A0A6B9V0E3
A0A6A2BCR2	A0A6B9V1Q6
A0A6A2BCR2	A0A6C0L4W0
A0A6A2BCR2	A0A6C0L6M4
A0A6A2BWV0	A0A6A2BWV0
A0A6A2CIB7	A0A6A2CIB7
A0A6A2CKI4	A0A6A2CKI4
A0A6A2CNA8	A0A6A2CNA8
A0A6A2CNA8	A0A6D1TNQ3
A0A6A2CR98	A0A6A2CR98
A0A6A2CRB8	A0A6A2CRB8
A0A6A2CRC8	A0A6A2CRC8
A0A6A2CRC8	A0A6D1TMY8
A0A6A2CRG9	A0A6A2CRG9
A0A6A2CRM7	A0A6A2CRM7
A0A6A2CRM7	A0A6B9V149
A0A6A2CTU5	A0A6A2CTU5
A0A6A2CU09	A0A6A2CU09
A0A6A2CXU2	A0A6A2CXU2
A0A6A2CXY6	A0A6A2CXY6
A0A6A2CZC9	A0A6A2CZC9
A0A6A2CZR4	A0A6A2CZR4
A0A6A2D0N7	A0A6A2D0N7
A0A6A2DJ96	A0A6A2DJ96
A0A6A2DJ96	A0A6B9UZJ2
A0A6A2DX09	A0A6A2DX09
A0A6A2DX09	A0A6B9V0M1
A0A6A8CHR6	A0A6A8CHR6
A0A6A8CHR6	A0A6B9UZQ6
A0A6A8CHR6	A0A6B9UZS9
A0A6A8CHR6	A0A6B9V1Q9
A0A6A8CHR6	A0A6B9V364
A0A6A8CHR6	A0A6B9V0B7
A0A6A8NK36	A0A6A8NK36
A0A6A8NK36	A0A455TVF4
A0A6A8NK36	A0A7V8C7X0
A0A6A8NK36	A0A7W1XF36
A0A6A8NK36	A0A9X1GE59
A0A6A8NK36	A0A9X1K738
A0A6A8NK36	A0AAJ1SLN8
A0A6A8NK36	A0AAW4QLC6
A0A6A8NK36	I3U5K9
A0A6B9UZD3	A0A6B9UZD3
A0A6B9UZD4	A0A6B9UZD4
A0A6B9UZD5	A0A6B9UZD5
A0A6B9UZD5	A0A6B9V2X5
A0A6B9UZE5	A0A6B9UZE5
A0A6B9UZE5	A0A6B9V0H6
A0A6B9UZI2	A0A6B9UZI2
A0A6B9UZJ5	A0A6B9UZJ5
A0A6B9UZK8	A0A6B9UZK8
A0A6B9UZN3	A0A6B9UZN3
A0A6B9UZQ5	A0A6B9UZQ5
A0A6B9UZQ5	A0A6B9V1S3
A0A6B9UZQ5	A0A6B9V1X4
A0A6B9UZS2	A0A6B9UZS2
A0A6B9UZW8	A0A6B9UZW8
A0A6B9UZW8	A0A173DX86
A0A6B9UZW8	A0A6B9UZJ8
A0A6B9UZW8	A0A6B9V0F7
A0A6B9UZW8	A0A6B9V0R0
A0A6B9UZW8	A0A6B9V213
A0A6B9UZW8	A0A8I1BCK2
A0A6B9V016	A0A6B9V016
A0A6B9V038	A0A6B9V038
A0A6B9V052	A0A6B9V052
A0A6B9V082	A0A6B9V082
A0A6B9V082	A0A6C0L8S2
A0A6B9V085	A0A6B9V085
A0A6B9V093	A0A6B9V093
A0A6B9V095	A0A6B9V095
A0A6B9V0A0	A0A6B9V0A0
A0A6B9V0A1	A0A6B9V0A1
A0A6B9V0B0	A0A6B9V0B0
A0A6B9V0C6	A0A6B9V0C6
A0A6B9V0D4	A0A6B9V0D4
A0A6B9V0D5	A0A6B9V0D5
A0A6B9V0D5	A0A6B9V0T6
A0A6B9V0D5	A0A6B9V1H6
A0A6B9V0E5	A0A6B9V0E5
A0A6B9V0K6	A0A6B9V0K6
A0A6B9V0L5	A0A6B9V0L5
A0A6B9V0L6	A0A6B9V0L6
A0A6B9V0N8	A0A6B9V0N8
A0A6B9V0R5	A0A6B9V0R5
A0A6B9V0R5	A0A6A2A7F3
A0A6B9V0R5	A0A6B9UZK2
A0A6B9V0R5	A0A6B9V013
A0A6B9V0T8	A0A6B9V0T8
A0A6B9V0T8	A0A6C0L739
A0A6B9V0U5	A0A6B9V0U5
A0A6B9V0U8	A0A6B9V0U8
A0A6B9V0V0	A0A6B9V0V0
A0A6B9V0V2	A0A6B9V0V2
A0A6B9V0W0	A0A6B9V0W0
A0A6B9V111	A0A6B9V111
A0A6B9V126	A0A6B9V126
A0A6B9V188	A0A6B9V188
A0A6B9V188	A0A6B9V0B3
A0A6B9V1A7	A0A6B9V1A7
A0A6B9V1A7	A0A6B9V0A4
A0A6B9V1C9	A0A6B9V1C9
A0A6B9V1D3	A0A6B9V1D3
A0A6B9V1D8	A0A6B9V1D8
